Factor,Año,Codigo Municipio,Municipio,Tipo de Información,Nivel Académico,Valor
Matriculados,2014,25175,Chía,No Oficial,Prejardín-Jardín,1157
Matriculados,2014,25175,Chía,No Oficial,Transición,716
Matriculados,2014,25175,Chía,No Oficial,Primaria,4653
Matriculados,2014,25175,Chía,No Oficial,Secundaria,4426
Matriculados,2014,25175,Chía,No Oficial,Media,2334
Matriculados,2014,25175,Chía,No Oficial,Total,13286
Matriculados,2014,25175,Chía,Oficial,Prejardín-Jardín,0
Matriculados,2014,25175,Chía,Oficial,Transición,872
Matriculados,2014,25175,Chía,Oficial,Primaria,5765
Matriculados,2014,25175,Chía,Oficial,Secundaria,5016
Matriculados,2014,25175,Chía,Oficial,Media,1843
Matriculados,2014,25175,Chía,Oficial,Total,13496
Matriculados,2014,25126,Cajicá,No Oficial,Prejardín-Jardín,610
Matriculados,2014,25126,Cajicá,No Oficial,Transición,397
Matriculados,2014,25126,Cajicá,No Oficial,Primaria,2043
Matriculados,2014,25126,Cajicá,No Oficial,Secundaria,1221
Matriculados,2014,25126,Cajicá,No Oficial,Media,529
Matriculados,2014,25126,Cajicá,No Oficial,Total,4800
Matriculados,2014,25200,Cogua,No Oficial,Prejardín-Jardín,59
Matriculados,2014,25200,Cogua,No Oficial,Transición,65
Matriculados,2014,25200,Cogua,No Oficial,Primaria,323
Matriculados,2014,25200,Cogua,No Oficial,Secundaria,248
Matriculados,2014,25200,Cogua,No Oficial,Media,88
Matriculados,2014,25200,Cogua,No Oficial,Total,783
Matriculados,2014,25214,Cota,No Oficial,Prejardín-Jardín,617
Matriculados,2014,25214,Cota,No Oficial,Transición,695
Matriculados,2014,25214,Cota,No Oficial,Primaria,4244
Matriculados,2014,25214,Cota,No Oficial,Secundaria,2852
Matriculados,2014,25214,Cota,No Oficial,Media,1003
Matriculados,2014,25214,Cota,No Oficial,Total,9411
Matriculados,2014,25295,Gachancipá,No Oficial,Prejardín-Jardín,71
Matriculados,2014,25295,Gachancipá,No Oficial,Transición,43
Matriculados,2014,25295,Gachancipá,No Oficial,Primaria,237
Matriculados,2014,25295,Gachancipá,No Oficial,Secundaria,103
Matriculados,2014,25295,Gachancipá,No Oficial,Media,52
Matriculados,2014,25295,Gachancipá,No Oficial,Total,506
Matriculados,2014,25486,Nemocón,No Oficial,Prejardín-Jardín,55
Matriculados,2014,25486,Nemocón,No Oficial,Transición,62
Matriculados,2014,25486,Nemocón,No Oficial,Primaria,248
Matriculados,2014,25486,Nemocón,No Oficial,Secundaria,308
Matriculados,2014,25486,Nemocón,No Oficial,Media,92
Matriculados,2014,25486,Nemocón,No Oficial,Total,765
Matriculados,2014,25758,Sopó,No Oficial,Prejardín-Jardín,294
Matriculados,2014,25758,Sopó,No Oficial,Transición,153
Matriculados,2014,25758,Sopó,No Oficial,Primaria,552
Matriculados,2014,25758,Sopó,No Oficial,Secundaria,361
Matriculados,2014,25758,Sopó,No Oficial,Media,144
Matriculados,2014,25758,Sopó,No Oficial,Total,1504
Matriculados,2014,25785,Tabio,No Oficial,Prejardín-Jardín,164
Matriculados,2014,25785,Tabio,No Oficial,Transición,109
Matriculados,2014,25785,Tabio,No Oficial,Primaria,455
Matriculados,2014,25785,Tabio,No Oficial,Secundaria,273
Matriculados,2014,25785,Tabio,No Oficial,Media,109
Matriculados,2014,25785,Tabio,No Oficial,Total,1110
Matriculados,2014,25799,Tenjo,No Oficial,Prejardín-Jardín,164
Matriculados,2014,25799,Tenjo,No Oficial,Transición,209
Matriculados,2014,25799,Tenjo,No Oficial,Primaria,1680
Matriculados,2014,25799,Tenjo,No Oficial,Secundaria,1403
Matriculados,2014,25799,Tenjo,No Oficial,Media,552
Matriculados,2014,25799,Tenjo,No Oficial,Total,4008
Matriculados,2014,25817,Tocancipá,No Oficial,Prejardín-Jardín,148
Matriculados,2014,25817,Tocancipá,No Oficial,Transición,141
Matriculados,2014,25817,Tocancipá,No Oficial,Primaria,628
Matriculados,2014,25817,Tocancipá,No Oficial,Secundaria,343
Matriculados,2014,25817,Tocancipá,No Oficial,Media,117
Matriculados,2014,25817,Tocancipá,No Oficial,Total,1377
Matriculados,2014,25126,Cajicá,Oficial,Prejardín-Jardín,0
Matriculados,2014,25126,Cajicá,Oficial,Transición,581
Matriculados,2014,25126,Cajicá,Oficial,Primaria,3337
Matriculados,2014,25126,Cajicá,Oficial,Secundaria,2976
Matriculados,2014,25126,Cajicá,Oficial,Media,990
Matriculados,2014,25126,Cajicá,Oficial,Total,7884
Matriculados,2014,25200,Cogua,Oficial,Prejardín-Jardín,0
Matriculados,2014,25200,Cogua,Oficial,Transición,248
Matriculados,2014,25200,Cogua,Oficial,Primaria,1408
Matriculados,2014,25200,Cogua,Oficial,Secundaria,1353
Matriculados,2014,25200,Cogua,Oficial,Media,451
Matriculados,2014,25200,Cogua,Oficial,Total,3460
Matriculados,2014,25214,Cota,Oficial,Prejardín-Jardín,0
Matriculados,2014,25214,Cota,Oficial,Transición,235
Matriculados,2014,25214,Cota,Oficial,Primaria,1354
Matriculados,2014,25214,Cota,Oficial,Secundaria,1274
Matriculados,2014,25214,Cota,Oficial,Media,446
Matriculados,2014,25214,Cota,Oficial,Total,3309
Matriculados,2014,25295,Gachancipá,Oficial,Prejardín-Jardín,0
Matriculados,2014,25295,Gachancipá,Oficial,Transición,169
Matriculados,2014,25295,Gachancipá,Oficial,Primaria,987
Matriculados,2014,25295,Gachancipá,Oficial,Secundaria,664
Matriculados,2014,25295,Gachancipá,Oficial,Media,207
Matriculados,2014,25295,Gachancipá,Oficial,Total,2027
Matriculados,2014,25486,Nemocón,Oficial,Prejardín-Jardín,0
Matriculados,2014,25486,Nemocón,Oficial,Transición,223
Matriculados,2014,25486,Nemocón,Oficial,Primaria,1082
Matriculados,2014,25486,Nemocón,Oficial,Secundaria,806
Matriculados,2014,25486,Nemocón,Oficial,Media,307
Matriculados,2014,25486,Nemocón,Oficial,Total,2418
Matriculados,2014,25758,Sopó,Oficial,Prejardín-Jardín,88
Matriculados,2014,25758,Sopó,Oficial,Transición,298
Matriculados,2014,25758,Sopó,Oficial,Primaria,1673
Matriculados,2014,25758,Sopó,Oficial,Secundaria,1639
Matriculados,2014,25758,Sopó,Oficial,Media,574
Matriculados,2014,25758,Sopó,Oficial,Total,4272
Matriculados,2014,25785,Tabio,Oficial,Prejardín-Jardín,0
Matriculados,2014,25785,Tabio,Oficial,Transición,178
Matriculados,2014,25785,Tabio,Oficial,Primaria,1178
Matriculados,2014,25785,Tabio,Oficial,Secundaria,1130
Matriculados,2014,25785,Tabio,Oficial,Media,385
Matriculados,2014,25785,Tabio,Oficial,Total,2871
Matriculados,2014,25799,Tenjo,Oficial,Prejardín-Jardín,0
Matriculados,2014,25799,Tenjo,Oficial,Transición,298
Matriculados,2014,25799,Tenjo,Oficial,Primaria,1406
Matriculados,2014,25799,Tenjo,Oficial,Secundaria,1186
Matriculados,2014,25799,Tenjo,Oficial,Media,377
Matriculados,2014,25799,Tenjo,Oficial,Total,3267
Matriculados,2014,25817,Tocancipá,Oficial,Prejardín-Jardín,0
Matriculados,2014,25817,Tocancipá,Oficial,Transición,545
Matriculados,2014,25817,Tocancipá,Oficial,Primaria,2867
Matriculados,2014,25817,Tocancipá,Oficial,Secundaria,2476
Matriculados,2014,25817,Tocancipá,Oficial,Media,719
Matriculados,2014,25817,Tocancipá,Oficial,Total,6607
Matriculados,2014,25899,Zipaquirá,No Oficial,Prejardín-Jardín,982
Matriculados,2014,25899,Zipaquirá,No Oficial,Transición,1005
Matriculados,2014,25899,Zipaquirá,No Oficial,Primaria,3901
Matriculados,2014,25899,Zipaquirá,No Oficial,Secundaria,2284
Matriculados,2014,25899,Zipaquirá,No Oficial,Media,770
Matriculados,2014,25899,Zipaquirá,No Oficial,Total,8942
Matriculados,2014,25899,Zipaquirá,Oficial,Prejardín-Jardín,0
Matriculados,2014,25899,Zipaquirá,Oficial,Transición,1001
Matriculados,2014,25899,Zipaquirá,Oficial,Primaria,6107
Matriculados,2014,25899,Zipaquirá,Oficial,Secundaria,6122
Matriculados,2014,25899,Zipaquirá,Oficial,Media,2260
Matriculados,2014,25899,Zipaquirá,Oficial,Total,15490
Matriculados,2015,25175,Chía,No Oficial,Prejardín-Jardín,1543
Matriculados,2015,25175,Chía,No Oficial,Transición,995
Matriculados,2015,25175,Chía,No Oficial,Primaria,5654
Matriculados,2015,25175,Chía,No Oficial,Secundaria,4815
Matriculados,2015,25175,Chía,No Oficial,Media,2478
Matriculados,2015,25175,Chía,No Oficial,Total,15485
Matriculados,2015,25175,Chía,Oficial,Prejardín-Jardín,0
Matriculados,2015,25175,Chía,Oficial,Transición,894
Matriculados,2015,25175,Chía,Oficial,Primaria,5619
Matriculados,2015,25175,Chía,Oficial,Secundaria,4855
Matriculados,2015,25175,Chía,Oficial,Media,1678
Matriculados,2015,25175,Chía,Oficial,Total,13046
Matriculados,2015,25126,Cajicá,No Oficial,Prejardín-Jardín,697
Matriculados,2015,25126,Cajicá,No Oficial,Transición,505
Matriculados,2015,25126,Cajicá,No Oficial,Primaria,2490
Matriculados,2015,25126,Cajicá,No Oficial,Secundaria,1517
Matriculados,2015,25126,Cajicá,No Oficial,Media,631
Matriculados,2015,25126,Cajicá,No Oficial,Total,5840
Matriculados,2015,25200,Cogua,No Oficial,Prejardín-Jardín,57
Matriculados,2015,25200,Cogua,No Oficial,Transición,64
Matriculados,2015,25200,Cogua,No Oficial,Primaria,354
Matriculados,2015,25200,Cogua,No Oficial,Secundaria,259
Matriculados,2015,25200,Cogua,No Oficial,Media,100
Matriculados,2015,25200,Cogua,No Oficial,Total,834
Matriculados,2015,25214,Cota,No Oficial,Prejardín-Jardín,663
Matriculados,2015,25214,Cota,No Oficial,Transición,752
Matriculados,2015,25214,Cota,No Oficial,Primaria,4562
Matriculados,2015,25214,Cota,No Oficial,Secundaria,2989
Matriculados,2015,25214,Cota,No Oficial,Media,1156
Matriculados,2015,25214,Cota,No Oficial,Total,10122
Matriculados,2015,25295,Gachancipá,No Oficial,Prejardín-Jardín,65
Matriculados,2015,25295,Gachancipá,No Oficial,Transición,60
Matriculados,2015,25295,Gachancipá,No Oficial,Primaria,286
Matriculados,2015,25295,Gachancipá,No Oficial,Secundaria,108
Matriculados,2015,25295,Gachancipá,No Oficial,Media,50
Matriculados,2015,25295,Gachancipá,No Oficial,Total,569
Matriculados,2015,25486,Nemocón,No Oficial,Prejardín-Jardín,50
Matriculados,2015,25486,Nemocón,No Oficial,Transición,48
Matriculados,2015,25486,Nemocón,No Oficial,Primaria,264
Matriculados,2015,25486,Nemocón,No Oficial,Secundaria,300
Matriculados,2015,25486,Nemocón,No Oficial,Media,103
Matriculados,2015,25486,Nemocón,No Oficial,Total,765
Matriculados,2015,25758,Sopó,No Oficial,Prejardín-Jardín,274
Matriculados,2015,25758,Sopó,No Oficial,Transición,190
Matriculados,2015,25758,Sopó,No Oficial,Primaria,636
Matriculados,2015,25758,Sopó,No Oficial,Secundaria,388
Matriculados,2015,25758,Sopó,No Oficial,Media,135
Matriculados,2015,25758,Sopó,No Oficial,Total,1623
Matriculados,2015,25785,Tabio,No Oficial,Prejardín-Jardín,174
Matriculados,2015,25785,Tabio,No Oficial,Transición,145
Matriculados,2015,25785,Tabio,No Oficial,Primaria,513
Matriculados,2015,25785,Tabio,No Oficial,Secundaria,302
Matriculados,2015,25785,Tabio,No Oficial,Media,149
Matriculados,2015,25785,Tabio,No Oficial,Total,1283
Matriculados,2015,25799,Tenjo,No Oficial,Prejardín-Jardín,199
Matriculados,2015,25799,Tenjo,No Oficial,Transición,276
Matriculados,2015,25799,Tenjo,No Oficial,Primaria,1811
Matriculados,2015,25799,Tenjo,No Oficial,Secundaria,1467
Matriculados,2015,25799,Tenjo,No Oficial,Media,602
Matriculados,2015,25799,Tenjo,No Oficial,Total,4355
Matriculados,2015,25817,Tocancipá,No Oficial,Prejardín-Jardín,153
Matriculados,2015,25817,Tocancipá,No Oficial,Transición,154
Matriculados,2015,25817,Tocancipá,No Oficial,Primaria,653
Matriculados,2015,25817,Tocancipá,No Oficial,Secundaria,403
Matriculados,2015,25817,Tocancipá,No Oficial,Media,110
Matriculados,2015,25817,Tocancipá,No Oficial,Total,1473
Matriculados,2015,25126,Cajicá,Oficial,Prejardín-Jardín,0
Matriculados,2015,25126,Cajicá,Oficial,Transición,597
Matriculados,2015,25126,Cajicá,Oficial,Primaria,3372
Matriculados,2015,25126,Cajicá,Oficial,Secundaria,2885
Matriculados,2015,25126,Cajicá,Oficial,Media,1057
Matriculados,2015,25126,Cajicá,Oficial,Total,7911
Matriculados,2015,25200,Cogua,Oficial,Prejardín-Jardín,0
Matriculados,2015,25200,Cogua,Oficial,Transición,236
Matriculados,2015,25200,Cogua,Oficial,Primaria,1386
Matriculados,2015,25200,Cogua,Oficial,Secundaria,1335
Matriculados,2015,25200,Cogua,Oficial,Media,377
Matriculados,2015,25200,Cogua,Oficial,Total,3334
Matriculados,2015,25214,Cota,Oficial,Prejardín-Jardín,0
Matriculados,2015,25214,Cota,Oficial,Transición,208
Matriculados,2015,25214,Cota,Oficial,Primaria,1312
Matriculados,2015,25214,Cota,Oficial,Secundaria,1113
Matriculados,2015,25214,Cota,Oficial,Media,508
Matriculados,2015,25214,Cota,Oficial,Total,3141
Matriculados,2015,25295,Gachancipá,Oficial,Prejardín-Jardín,0
Matriculados,2015,25295,Gachancipá,Oficial,Transición,166
Matriculados,2015,25295,Gachancipá,Oficial,Primaria,982
Matriculados,2015,25295,Gachancipá,Oficial,Secundaria,584
Matriculados,2015,25295,Gachancipá,Oficial,Media,196
Matriculados,2015,25295,Gachancipá,Oficial,Total,1928
Matriculados,2015,25486,Nemocón,Oficial,Prejardín-Jardín,0
Matriculados,2015,25486,Nemocón,Oficial,Transición,179
Matriculados,2015,25486,Nemocón,Oficial,Primaria,1115
Matriculados,2015,25486,Nemocón,Oficial,Secundaria,873
Matriculados,2015,25486,Nemocón,Oficial,Media,352
Matriculados,2015,25486,Nemocón,Oficial,Total,2519
Matriculados,2015,25758,Sopó,Oficial,Prejardín-Jardín,0
Matriculados,2015,25758,Sopó,Oficial,Transición,326
Matriculados,2015,25758,Sopó,Oficial,Primaria,1622
Matriculados,2015,25758,Sopó,Oficial,Secundaria,1607
Matriculados,2015,25758,Sopó,Oficial,Media,545
Matriculados,2015,25758,Sopó,Oficial,Total,4100
Matriculados,2015,25785,Tabio,Oficial,Prejardín-Jardín,0
Matriculados,2015,25785,Tabio,Oficial,Transición,194
Matriculados,2015,25785,Tabio,Oficial,Primaria,1147
Matriculados,2015,25785,Tabio,Oficial,Secundaria,1113
Matriculados,2015,25785,Tabio,Oficial,Media,402
Matriculados,2015,25785,Tabio,Oficial,Total,2856
Matriculados,2015,25799,Tenjo,Oficial,Prejardín-Jardín,0
Matriculados,2015,25799,Tenjo,Oficial,Transición,285
Matriculados,2015,25799,Tenjo,Oficial,Primaria,1373
Matriculados,2015,25799,Tenjo,Oficial,Secundaria,1139
Matriculados,2015,25799,Tenjo,Oficial,Media,392
Matriculados,2015,25799,Tenjo,Oficial,Total,3189
Matriculados,2015,25817,Tocancipá,Oficial,Prejardín-Jardín,0
Matriculados,2015,25817,Tocancipá,Oficial,Transición,512
Matriculados,2015,25817,Tocancipá,Oficial,Primaria,3018
Matriculados,2015,25817,Tocancipá,Oficial,Secundaria,2374
Matriculados,2015,25817,Tocancipá,Oficial,Media,810
Matriculados,2015,25817,Tocancipá,Oficial,Total,6714
Matriculados,2015,25899,Zipaquirá,No Oficial,Prejardín-Jardín,917
Matriculados,2015,25899,Zipaquirá,No Oficial,Transición,976
Matriculados,2015,25899,Zipaquirá,No Oficial,Primaria,4089
Matriculados,2015,25899,Zipaquirá,No Oficial,Secundaria,2242
Matriculados,2015,25899,Zipaquirá,No Oficial,Media,894
Matriculados,2015,25899,Zipaquirá,No Oficial,Total,9118
Matriculados,2015,25899,Zipaquirá,Oficial,Prejardín-Jardín,0
Matriculados,2015,25899,Zipaquirá,Oficial,Transición,992
Matriculados,2015,25899,Zipaquirá,Oficial,Primaria,6142
Matriculados,2015,25899,Zipaquirá,Oficial,Secundaria,5933
Matriculados,2015,25899,Zipaquirá,Oficial,Media,2205
Matriculados,2015,25899,Zipaquirá,Oficial,Total,15272
Matriculados,2016,25175,Chía,No Oficial,Prejardín-Jardín,1422
Matriculados,2016,25175,Chía,No Oficial,Transición,968
Matriculados,2016,25175,Chía,No Oficial,Primaria,5732
Matriculados,2016,25175,Chía,No Oficial,Secundaria,5073
Matriculados,2016,25175,Chía,No Oficial,Media,2244
Matriculados,2016,25175,Chía,No Oficial,Total,15439
Matriculados,2016,25175,Chía,Oficial,Prejardín-Jardín,0
Matriculados,2016,25175,Chía,Oficial,Transición,948
Matriculados,2016,25175,Chía,Oficial,Primaria,5788
Matriculados,2016,25175,Chía,Oficial,Secundaria,4887
Matriculados,2016,25175,Chía,Oficial,Media,1738
Matriculados,2016,25175,Chía,Oficial,Total,13361
Matriculados,2016,25486,Nemocón,Oficial,Prejardín-Jardín,0
Matriculados,2016,25486,Nemocón,Oficial,Transición,206
Matriculados,2016,25486,Nemocón,Oficial,Primaria,1122
Matriculados,2016,25486,Nemocón,Oficial,Secundaria,837
Matriculados,2016,25486,Nemocón,Oficial,Media,309
Matriculados,2016,25486,Nemocón,Oficial,Total,2474
Matriculados,2016,25295,Gachancipá,Oficial,Prejardín-Jardín,0
Matriculados,2016,25295,Gachancipá,Oficial,Transición,148
Matriculados,2016,25295,Gachancipá,Oficial,Primaria,1064
Matriculados,2016,25295,Gachancipá,Oficial,Secundaria,631
Matriculados,2016,25295,Gachancipá,Oficial,Media,205
Matriculados,2016,25295,Gachancipá,Oficial,Total,2048
Matriculados,2016,25758,Sopó,Oficial,Prejardín-Jardín,0
Matriculados,2016,25758,Sopó,Oficial,Transición,277
Matriculados,2016,25758,Sopó,Oficial,Primaria,1653
Matriculados,2016,25758,Sopó,Oficial,Secundaria,1483
Matriculados,2016,25758,Sopó,Oficial,Media,568
Matriculados,2016,25758,Sopó,Oficial,Total,3981
Matriculados,2016,25799,Tenjo,Oficial,Prejardín-Jardín,0
Matriculados,2016,25799,Tenjo,Oficial,Transición,241
Matriculados,2016,25799,Tenjo,Oficial,Primaria,1370
Matriculados,2016,25799,Tenjo,Oficial,Secundaria,1117
Matriculados,2016,25799,Tenjo,Oficial,Media,380
Matriculados,2016,25799,Tenjo,Oficial,Total,3108
Matriculados,2016,25785,Tabio,Oficial,Prejardín-Jardín,0
Matriculados,2016,25785,Tabio,Oficial,Transición,183
Matriculados,2016,25785,Tabio,Oficial,Primaria,1130
Matriculados,2016,25785,Tabio,Oficial,Secundaria,1022
Matriculados,2016,25785,Tabio,Oficial,Media,418
Matriculados,2016,25785,Tabio,Oficial,Total,2753
Matriculados,2016,25817,Tocancipá,Oficial,Prejardín-Jardín,0
Matriculados,2016,25817,Tocancipá,Oficial,Transición,391
Matriculados,2016,25817,Tocancipá,Oficial,Primaria,3056
Matriculados,2016,25817,Tocancipá,Oficial,Secundaria,2360
Matriculados,2016,25817,Tocancipá,Oficial,Media,866
Matriculados,2016,25817,Tocancipá,Oficial,Total,6673
Matriculados,2016,25200,Cogua,Oficial,Prejardín-Jardín,0
Matriculados,2016,25200,Cogua,Oficial,Transición,219
Matriculados,2016,25200,Cogua,Oficial,Primaria,1379
Matriculados,2016,25200,Cogua,Oficial,Secundaria,1250
Matriculados,2016,25200,Cogua,Oficial,Media,441
Matriculados,2016,25200,Cogua,Oficial,Total,3289
Matriculados,2016,25214,Cota,Oficial,Prejardín-Jardín,0
Matriculados,2016,25214,Cota,Oficial,Transición,189
Matriculados,2016,25214,Cota,Oficial,Primaria,1254
Matriculados,2016,25214,Cota,Oficial,Secundaria,1082
Matriculados,2016,25214,Cota,Oficial,Media,470
Matriculados,2016,25214,Cota,Oficial,Total,2995
Matriculados,2016,25126,Cajicá,Oficial,Prejardín-Jardín,0
Matriculados,2016,25126,Cajicá,Oficial,Transición,560
Matriculados,2016,25126,Cajicá,Oficial,Primaria,3388
Matriculados,2016,25126,Cajicá,Oficial,Secundaria,2901
Matriculados,2016,25126,Cajicá,Oficial,Media,1030
Matriculados,2016,25126,Cajicá,Oficial,Total,7879
Matriculados,2016,25758,Sopó,No Oficial,Prejardín-Jardín,275
Matriculados,2016,25758,Sopó,No Oficial,Transición,163
Matriculados,2016,25758,Sopó,No Oficial,Primaria,677
Matriculados,2016,25758,Sopó,No Oficial,Secundaria,377
Matriculados,2016,25758,Sopó,No Oficial,Media,121
Matriculados,2016,25758,Sopó,No Oficial,Total,1613
Matriculados,2016,25785,Tabio,No Oficial,Prejardín-Jardín,144
Matriculados,2016,25785,Tabio,No Oficial,Transición,126
Matriculados,2016,25785,Tabio,No Oficial,Primaria,548
Matriculados,2016,25785,Tabio,No Oficial,Secundaria,321
Matriculados,2016,25785,Tabio,No Oficial,Media,122
Matriculados,2016,25785,Tabio,No Oficial,Total,1261
Matriculados,2016,25799,Tenjo,No Oficial,Prejardín-Jardín,173
Matriculados,2016,25799,Tenjo,No Oficial,Transición,233
Matriculados,2016,25799,Tenjo,No Oficial,Primaria,1810
Matriculados,2016,25799,Tenjo,No Oficial,Secundaria,1467
Matriculados,2016,25799,Tenjo,No Oficial,Media,553
Matriculados,2016,25799,Tenjo,No Oficial,Total,4236
Matriculados,2016,25817,Tocancipá,No Oficial,Prejardín-Jardín,152
Matriculados,2016,25817,Tocancipá,No Oficial,Transición,148
Matriculados,2016,25817,Tocancipá,No Oficial,Primaria,718
Matriculados,2016,25817,Tocancipá,No Oficial,Secundaria,461
Matriculados,2016,25817,Tocancipá,No Oficial,Media,135
Matriculados,2016,25817,Tocancipá,No Oficial,Total,1614
Matriculados,2016,25295,Gachancipá,No Oficial,Prejardín-Jardín,82
Matriculados,2016,25295,Gachancipá,No Oficial,Transición,56
Matriculados,2016,25295,Gachancipá,No Oficial,Primaria,305
Matriculados,2016,25295,Gachancipá,No Oficial,Secundaria,116
Matriculados,2016,25295,Gachancipá,No Oficial,Media,42
Matriculados,2016,25295,Gachancipá,No Oficial,Total,601
Matriculados,2016,25200,Cogua,No Oficial,Prejardín-Jardín,67
Matriculados,2016,25200,Cogua,No Oficial,Transición,81
Matriculados,2016,25200,Cogua,No Oficial,Primaria,360
Matriculados,2016,25200,Cogua,No Oficial,Secundaria,278
Matriculados,2016,25200,Cogua,No Oficial,Media,109
Matriculados,2016,25200,Cogua,No Oficial,Total,895
Matriculados,2016,25214,Cota,No Oficial,Prejardín-Jardín,678
Matriculados,2016,25214,Cota,No Oficial,Transición,713
Matriculados,2016,25214,Cota,No Oficial,Primaria,4781
Matriculados,2016,25214,Cota,No Oficial,Secundaria,3087
Matriculados,2016,25214,Cota,No Oficial,Media,1146
Matriculados,2016,25214,Cota,No Oficial,Total,10405
Matriculados,2016,25126,Cajicá,No Oficial,Prejardín-Jardín,549
Matriculados,2016,25126,Cajicá,No Oficial,Transición,527
Matriculados,2016,25126,Cajicá,No Oficial,Primaria,2510
Matriculados,2016,25126,Cajicá,No Oficial,Secundaria,1516
Matriculados,2016,25126,Cajicá,No Oficial,Media,606
Matriculados,2016,25126,Cajicá,No Oficial,Total,5708
Matriculados,2016,25486,Nemocón,No Oficial,Prejardín-Jardín,80
Matriculados,2016,25486,Nemocón,No Oficial,Transición,39
Matriculados,2016,25486,Nemocón,No Oficial,Primaria,256
Matriculados,2016,25486,Nemocón,No Oficial,Secundaria,369
Matriculados,2016,25486,Nemocón,No Oficial,Media,108
Matriculados,2016,25486,Nemocón,No Oficial,Total,852
Matriculados,2016,25899,Zipaquirá,Oficial,Prejardín-Jardín,0
Matriculados,2016,25899,Zipaquirá,Oficial,Transición,928
Matriculados,2016,25899,Zipaquirá,Oficial,Primaria,6194
Matriculados,2016,25899,Zipaquirá,Oficial,Secundaria,5786
Matriculados,2016,25899,Zipaquirá,Oficial,Media,2160
Matriculados,2016,25899,Zipaquirá,Oficial,Total,15068
Matriculados,2016,25899,Zipaquirá,No Oficial,Prejardín-Jardín,1065
Matriculados,2016,25899,Zipaquirá,No Oficial,Transición,936
Matriculados,2016,25899,Zipaquirá,No Oficial,Primaria,4464
Matriculados,2016,25899,Zipaquirá,No Oficial,Secundaria,2188
Matriculados,2016,25899,Zipaquirá,No Oficial,Media,922
Matriculados,2016,25899,Zipaquirá,No Oficial,Total,9575
Matriculados,2017,25126,Cajicá,No oficial,Prejardín-Jardín,496
Matriculados,2017,25126,Cajicá,No oficial,Transición,496
Matriculados,2017,25126,Cajicá,No oficial,Primaria,2680
Matriculados,2017,25126,Cajicá,No oficial,Secundaria,1634
Matriculados,2017,25126,Cajicá,No oficial,Media,687
Matriculados,2017,25126,Cajicá,No oficial,Total,5993
Matriculados,2017,25175,Chía,No oficial,Prejardín-Jardín,1385
Matriculados,2017,25175,Chía,No oficial,Transición,972
Matriculados,2017,25175,Chía,No oficial,Primaria,5855
Matriculados,2017,25175,Chía,No oficial,Secundaria,5089
Matriculados,2017,25175,Chía,No oficial,Media,2232
Matriculados,2017,25175,Chía,No oficial,Total,15533
Matriculados,2017,25200,Cogua,No oficial,Prejardín-Jardín,82
Matriculados,2017,25200,Cogua,No oficial,Transición,82
Matriculados,2017,25200,Cogua,No oficial,Primaria,404
Matriculados,2017,25200,Cogua,No oficial,Secundaria,268
Matriculados,2017,25200,Cogua,No oficial,Media,118
Matriculados,2017,25200,Cogua,No oficial,Total,954
Matriculados,2017,25214,Cota,No oficial,Prejardín-Jardín,628
Matriculados,2017,25214,Cota,No oficial,Transición,726
Matriculados,2017,25214,Cota,No oficial,Primaria,4894
Matriculados,2017,25214,Cota,No oficial,Secundaria,3288
Matriculados,2017,25214,Cota,No oficial,Media,1166
Matriculados,2017,25214,Cota,No oficial,Total,10702
Matriculados,2017,25295,Gachancipá,No oficial,Prejardín-Jardín,132
Matriculados,2017,25295,Gachancipá,No oficial,Transición,78
Matriculados,2017,25295,Gachancipá,No oficial,Primaria,375
Matriculados,2017,25295,Gachancipá,No oficial,Secundaria,121
Matriculados,2017,25295,Gachancipá,No oficial,Media,42
Matriculados,2017,25295,Gachancipá,No oficial,Total,748
Matriculados,2017,25486,Nemocón,No oficial,Prejardín-Jardín,83
Matriculados,2017,25486,Nemocón,No oficial,Transición,64
Matriculados,2017,25486,Nemocón,No oficial,Primaria,279
Matriculados,2017,25486,Nemocón,No oficial,Secundaria,316
Matriculados,2017,25486,Nemocón,No oficial,Media,89
Matriculados,2017,25486,Nemocón,No oficial,Total,831
Matriculados,2017,25758,Sopó,No oficial,Prejardín-Jardín,310
Matriculados,2017,25758,Sopó,No oficial,Transición,150
Matriculados,2017,25758,Sopó,No oficial,Primaria,735
Matriculados,2017,25758,Sopó,No oficial,Secundaria,429
Matriculados,2017,25758,Sopó,No oficial,Media,171
Matriculados,2017,25758,Sopó,No oficial,Total,1795
Matriculados,2017,25785,Tabio,No oficial,Prejardín-Jardín,202
Matriculados,2017,25785,Tabio,No oficial,Transición,138
Matriculados,2017,25785,Tabio,No oficial,Primaria,628
Matriculados,2017,25785,Tabio,No oficial,Secundaria,349
Matriculados,2017,25785,Tabio,No oficial,Media,140
Matriculados,2017,25785,Tabio,No oficial,Total,1457
Matriculados,2017,25799,Tenjo,No oficial,Prejardín-Jardín,157
Matriculados,2017,25799,Tenjo,No oficial,Transición,231
Matriculados,2017,25799,Tenjo,No oficial,Primaria,1869
Matriculados,2017,25799,Tenjo,No oficial,Secundaria,1397
Matriculados,2017,25799,Tenjo,No oficial,Media,641
Matriculados,2017,25799,Tenjo,No oficial,Total,4295
Matriculados,2017,25817,Tocancipá,No oficial,Prejardín-Jardín,131
Matriculados,2017,25817,Tocancipá,No oficial,Transición,174
Matriculados,2017,25817,Tocancipá,No oficial,Primaria,745
Matriculados,2017,25817,Tocancipá,No oficial,Secundaria,510
Matriculados,2017,25817,Tocancipá,No oficial,Media,125
Matriculados,2017,25817,Tocancipá,No oficial,Total,1685
Matriculados,2017,25899,Zipaquirá,No oficial,Prejardín-Jardín,1175
Matriculados,2017,25899,Zipaquirá,No oficial,Transición,891
Matriculados,2017,25899,Zipaquirá,No oficial,Primaria,4500
Matriculados,2017,25899,Zipaquirá,No oficial,Secundaria,2240
Matriculados,2017,25899,Zipaquirá,No oficial,Media,891
Matriculados,2017,25899,Zipaquirá,No oficial,Total,9697
Matriculados,2017,25126,Cajicá,Oficial,Transición,548
Matriculados,2017,25126,Cajicá,Oficial,Primaria,3402
Matriculados,2017,25126,Cajicá,Oficial,Secundaria,2905
Matriculados,2017,25126,Cajicá,Oficial,Media,1057
Matriculados,2017,25126,Cajicá,Oficial,Total,7912
Matriculados,2017,25175,Chía,Oficial,Transición,939
Matriculados,2017,25175,Chía,Oficial,Primaria,5858
Matriculados,2017,25175,Chía,Oficial,Secundaria,4987
Matriculados,2017,25175,Chía,Oficial,Media,1769
Matriculados,2017,25175,Chía,Oficial,Total,13553
Matriculados,2017,25200,Cogua,Oficial,Transición,204
Matriculados,2017,25200,Cogua,Oficial,Primaria,1329
Matriculados,2017,25200,Cogua,Oficial,Secundaria,1244
Matriculados,2017,25200,Cogua,Oficial,Media,428
Matriculados,2017,25200,Cogua,Oficial,Total,3205
Matriculados,2017,25214,Cota,Oficial,Transición,166
Matriculados,2017,25214,Cota,Oficial,Primaria,1205
Matriculados,2017,25214,Cota,Oficial,Secundaria,1121
Matriculados,2017,25214,Cota,Oficial,Media,453
Matriculados,2017,25214,Cota,Oficial,Total,2945
Matriculados,2017,25295,Gachancipá,Oficial,Transición,174
Matriculados,2017,25295,Gachancipá,Oficial,Primaria,1089
Matriculados,2017,25295,Gachancipá,Oficial,Secundaria,627
Matriculados,2017,25295,Gachancipá,Oficial,Media,208
Matriculados,2017,25295,Gachancipá,Oficial,Total,2098
Matriculados,2017,25486,Nemocón,Oficial,Transición,201
Matriculados,2017,25486,Nemocón,Oficial,Primaria,1132
Matriculados,2017,25486,Nemocón,Oficial,Secundaria,826
Matriculados,2017,25486,Nemocón,Oficial,Media,296
Matriculados,2017,25486,Nemocón,Oficial,Total,2455
Matriculados,2017,25758,Sopó,Oficial,Transición,198
Matriculados,2017,25758,Sopó,Oficial,Primaria,1616
Matriculados,2017,25758,Sopó,Oficial,Secundaria,1402
Matriculados,2017,25758,Sopó,Oficial,Media,589
Matriculados,2017,25758,Sopó,Oficial,Total,3805
Matriculados,2017,25785,Tabio,Oficial,Transición,201
Matriculados,2017,25785,Tabio,Oficial,Primaria,1106
Matriculados,2017,25785,Tabio,Oficial,Secundaria,1042
Matriculados,2017,25785,Tabio,Oficial,Media,407
Matriculados,2017,25785,Tabio,Oficial,Total,2756
Matriculados,2017,25799,Tenjo,Oficial,Transición,223
Matriculados,2017,25799,Tenjo,Oficial,Primaria,1357
Matriculados,2017,25799,Tenjo,Oficial,Secundaria,1071
Matriculados,2017,25799,Tenjo,Oficial,Media,339
Matriculados,2017,25799,Tenjo,Oficial,Total,2990
Matriculados,2017,25817,Tocancipá,Oficial,Transición,432
Matriculados,2017,25817,Tocancipá,Oficial,Primaria,2974
Matriculados,2017,25817,Tocancipá,Oficial,Secundaria,2381
Matriculados,2017,25817,Tocancipá,Oficial,Media,869
Matriculados,2017,25817,Tocancipá,Oficial,Total,6656
Matriculados,2017,25899,Zipaquirá,Oficial,Transición,976
Matriculados,2017,25899,Zipaquirá,Oficial,Primaria,6171
Matriculados,2017,25899,Zipaquirá,Oficial,Secundaria,5731
Matriculados,2017,25899,Zipaquirá,Oficial,Media,2018
Matriculados,2017,25899,Zipaquirá,Oficial,Total,14896
Matriculados,2018,25126,Cajicá,Oficial,Transición,554
Matriculados,2018,25126,Cajicá,Oficial,Primaria,3363
Matriculados,2018,25126,Cajicá,Oficial,Secundaria,2981
Matriculados,2018,25126,Cajicá,Oficial,Media,1000
Matriculados,2018,25126,Cajicá,Oficial,Total,7898
Matriculados,2018,25175,Chía,Oficial,Transición,1013
Matriculados,2018,25175,Chía,Oficial,Primaria,5703
Matriculados,2018,25175,Chía,Oficial,Secundaria,5319
Matriculados,2018,25175,Chía,Oficial,Media,1800
Matriculados,2018,25175,Chía,Oficial,Total,13835
Matriculados,2018,25200,Cogua,Oficial,Transición,233
Matriculados,2018,25200,Cogua,Oficial,Primaria,1361
Matriculados,2018,25200,Cogua,Oficial,Secundaria,1224
Matriculados,2018,25200,Cogua,Oficial,Media,406
Matriculados,2018,25200,Cogua,Oficial,Total,3224
Matriculados,2018,25214,Cota,Oficial,Transición,215
Matriculados,2018,25214,Cota,Oficial,Primaria,1231
Matriculados,2018,25214,Cota,Oficial,Secundaria,1131
Matriculados,2018,25214,Cota,Oficial,Media,427
Matriculados,2018,25214,Cota,Oficial,Total,3004
Matriculados,2018,25295,Gachancipá,Oficial,Transición,174
Matriculados,2018,25295,Gachancipá,Oficial,Primaria,1085
Matriculados,2018,25295,Gachancipá,Oficial,Secundaria,678
Matriculados,2018,25295,Gachancipá,Oficial,Media,167
Matriculados,2018,25295,Gachancipá,Oficial,Total,2104
Matriculados,2018,25486,Nemocón,Oficial,Transición,210
Matriculados,2018,25486,Nemocón,Oficial,Primaria,1151
Matriculados,2018,25486,Nemocón,Oficial,Secundaria,800
Matriculados,2018,25486,Nemocón,Oficial,Media,282
Matriculados,2018,25486,Nemocón,Oficial,Total,2443
Matriculados,2018,25758,Sopó,Oficial,Transición,217
Matriculados,2018,25758,Sopó,Oficial,Primaria,1530
Matriculados,2018,25758,Sopó,Oficial,Secundaria,1374
Matriculados,2018,25758,Sopó,Oficial,Media,566
Matriculados,2018,25758,Sopó,Oficial,Total,3687
Matriculados,2018,25785,Tabio,Oficial,Transición,181
Matriculados,2018,25785,Tabio,Oficial,Primaria,1143
Matriculados,2018,25785,Tabio,Oficial,Secundaria,1102
Matriculados,2018,25785,Tabio,Oficial,Media,391
Matriculados,2018,25785,Tabio,Oficial,Total,2817
Matriculados,2018,25799,Tenjo,Oficial,Transición,208
Matriculados,2018,25799,Tenjo,Oficial,Primaria,1327
Matriculados,2018,25799,Tenjo,Oficial,Secundaria,1041
Matriculados,2018,25799,Tenjo,Oficial,Media,356
Matriculados,2018,25799,Tenjo,Oficial,Total,2932
Matriculados,2018,25817,Tocancipá,Oficial,Transición,473
Matriculados,2018,25817,Tocancipá,Oficial,Primaria,3031
Matriculados,2018,25817,Tocancipá,Oficial,Secundaria,2496
Matriculados,2018,25817,Tocancipá,Oficial,Media,863
Matriculados,2018,25817,Tocancipá,Oficial,Total,6863
Matriculados,2018,25899,Zipaquirá,Oficial,Transición,939
Matriculados,2018,25899,Zipaquirá,Oficial,Primaria,6185
Matriculados,2018,25899,Zipaquirá,Oficial,Secundaria,5863
Matriculados,2018,25899,Zipaquirá,Oficial,Media,1917
Matriculados,2018,25899,Zipaquirá,Oficial,Total,14904
Matriculados,2018,25126,Cajicá,No Oficial,Prejardín-Jardín,652
Matriculados,2018,25126,Cajicá,No Oficial,Transición,462
Matriculados,2018,25126,Cajicá,No Oficial,Primaria,2776
Matriculados,2018,25126,Cajicá,No Oficial,Secundaria,1773
Matriculados,2018,25126,Cajicá,No Oficial,Media,617
Matriculados,2018,25126,Cajicá,No Oficial,Total,6280
Matriculados,2018,25175,Chía,No Oficial,Prejardín-Jardín,1285
Matriculados,2018,25175,Chía,No Oficial,Transición,969
Matriculados,2018,25175,Chía,No Oficial,Primaria,5885
Matriculados,2018,25175,Chía,No Oficial,Secundaria,4860
Matriculados,2018,25175,Chía,No Oficial,Media,2316
Matriculados,2018,25175,Chía,No Oficial,Total,15315
Matriculados,2018,25200,Cogua,No Oficial,Prejardín-Jardín,45
Matriculados,2018,25200,Cogua,No Oficial,Transición,89
Matriculados,2018,25200,Cogua,No Oficial,Primaria,395
Matriculados,2018,25200,Cogua,No Oficial,Secundaria,279
Matriculados,2018,25200,Cogua,No Oficial,Media,126
Matriculados,2018,25200,Cogua,No Oficial,Total,934
Matriculados,2018,25214,Cota,No Oficial,Prejardín-Jardín,597
Matriculados,2018,25214,Cota,No Oficial,Transición,698
Matriculados,2018,25214,Cota,No Oficial,Primaria,4855
Matriculados,2018,25214,Cota,No Oficial,Secundaria,3275
Matriculados,2018,25214,Cota,No Oficial,Media,1215
Matriculados,2018,25214,Cota,No Oficial,Total,10640
Matriculados,2018,25295,Gachancipá,No Oficial,Prejardín-Jardín,159
Matriculados,2018,25295,Gachancipá,No Oficial,Transición,115
Matriculados,2018,25295,Gachancipá,No Oficial,Primaria,407
Matriculados,2018,25295,Gachancipá,No Oficial,Secundaria,114
Matriculados,2018,25295,Gachancipá,No Oficial,Media,39
Matriculados,2018,25295,Gachancipá,No Oficial,Total,834
Matriculados,2018,25486,Nemocón,No Oficial,Prejardín-Jardín,68
Matriculados,2018,25486,Nemocón,No Oficial,Transición,63
Matriculados,2018,25486,Nemocón,No Oficial,Primaria,260
Matriculados,2018,25486,Nemocón,No Oficial,Secundaria,262
Matriculados,2018,25486,Nemocón,No Oficial,Media,72
Matriculados,2018,25486,Nemocón,No Oficial,Total,725
Matriculados,2018,25758,Sopó,No Oficial,Prejardín-Jardín,301
Matriculados,2018,25758,Sopó,No Oficial,Transición,158
Matriculados,2018,25758,Sopó,No Oficial,Primaria,707
Matriculados,2018,25758,Sopó,No Oficial,Secundaria,448
Matriculados,2018,25758,Sopó,No Oficial,Media,187
Matriculados,2018,25758,Sopó,No Oficial,Total,1801
Matriculados,2018,25785,Tabio,No Oficial,Prejardín-Jardín,120
Matriculados,2018,25785,Tabio,No Oficial,Transición,143
Matriculados,2018,25785,Tabio,No Oficial,Primaria,623
Matriculados,2018,25785,Tabio,No Oficial,Secundaria,341
Matriculados,2018,25785,Tabio,No Oficial,Media,133
Matriculados,2018,25785,Tabio,No Oficial,Total,1360
Matriculados,2018,25799,Tenjo,No Oficial,Prejardín-Jardín,122
Matriculados,2018,25799,Tenjo,No Oficial,Transición,193
Matriculados,2018,25799,Tenjo,No Oficial,Primaria,1896
Matriculados,2018,25799,Tenjo,No Oficial,Secundaria,1495
Matriculados,2018,25799,Tenjo,No Oficial,Media,584
Matriculados,2018,25799,Tenjo,No Oficial,Total,4290
Matriculados,2018,25817,Tocancipá,No Oficial,Prejardín-Jardín,52
Matriculados,2018,25817,Tocancipá,No Oficial,Transición,128
Matriculados,2018,25817,Tocancipá,No Oficial,Primaria,710
Matriculados,2018,25817,Tocancipá,No Oficial,Secundaria,491
Matriculados,2018,25817,Tocancipá,No Oficial,Media,159
Matriculados,2018,25817,Tocancipá,No Oficial,Total,1540
Matriculados,2018,25899,Zipaquirá,No Oficial,Prejardín-Jardín,1197
Matriculados,2018,25899,Zipaquirá,No Oficial,Transición,887
Matriculados,2018,25899,Zipaquirá,No Oficial,Primaria,4519
Matriculados,2018,25899,Zipaquirá,No Oficial,Secundaria,2293
Matriculados,2018,25899,Zipaquirá,No Oficial,Media,967
Matriculados,2018,25899,Zipaquirá,No Oficial,Total,9863
Matriculados,2019,25126,Cajicá,Oficial,Transición,594
Matriculados,2019,25126,Cajicá,Oficial,Primaria,3334
Matriculados,2019,25126,Cajicá,Oficial,Secundaria,2931
Matriculados,2019,25126,Cajicá,Oficial,Media,1059
Matriculados,2019,25126,Cajicá,Oficial,Total,7918
Matriculados,2019,25175,Chía,Oficial,Transición,1043
Matriculados,2019,25175,Chía,Oficial,Primaria,5910
Matriculados,2019,25175,Chía,Oficial,Secundaria,5464
Matriculados,2019,25175,Chía,Oficial,Media,1857
Matriculados,2019,25175,Chía,Oficial,Total,14274
Matriculados,2019,25200,Cogua,Oficial,Transición,270
Matriculados,2019,25200,Cogua,Oficial,Primaria,1394
Matriculados,2019,25200,Cogua,Oficial,Secundaria,1263
Matriculados,2019,25200,Cogua,Oficial,Media,422
Matriculados,2019,25200,Cogua,Oficial,Total,3349
Matriculados,2019,25214,Cota,Oficial,Transición,190
Matriculados,2019,25214,Cota,Oficial,Primaria,1254
Matriculados,2019,25214,Cota,Oficial,Secundaria,1216
Matriculados,2019,25214,Cota,Oficial,Media,419
Matriculados,2019,25214,Cota,Oficial,Total,2886
Matriculados,2019,25295,Gachancipá,Oficial,Transición,168
Matriculados,2019,25295,Gachancipá,Oficial,Primaria,1135
Matriculados,2019,25295,Gachancipá,Oficial,Secundaria,724
Matriculados,2019,25295,Gachancipá,Oficial,Media,168
Matriculados,2019,25295,Gachancipá,Oficial,Total,2195
Matriculados,2019,25486,Nemocón,Oficial,Transición,171
Matriculados,2019,25486,Nemocón,Oficial,Primaria,1174
Matriculados,2019,25486,Nemocón,Oficial,Secundaria,852
Matriculados,2019,25486,Nemocón,Oficial,Media,275
Matriculados,2019,25486,Nemocón,Oficial,Total,2472
Matriculados,2019,25758,Sopó,Oficial,Transición,220
Matriculados,2019,25758,Sopó,Oficial,Primaria,1449
Matriculados,2019,25758,Sopó,Oficial,Secundaria,1405
Matriculados,2019,25758,Sopó,Oficial,Media,521
Matriculados,2019,25758,Sopó,Oficial,Total,3595
Matriculados,2019,25785,Tabio,Oficial,Transición,174
Matriculados,2019,25785,Tabio,Oficial,Primaria,1169
Matriculados,2019,25785,Tabio,Oficial,Secundaria,1066
Matriculados,2019,25785,Tabio,Oficial,Media,394
Matriculados,2019,25785,Tabio,Oficial,Total,2632
Matriculados,2019,25799,Tenjo,Oficial,Transición,242
Matriculados,2019,25799,Tenjo,Oficial,Primaria,1326
Matriculados,2019,25799,Tenjo,Oficial,Secundaria,1090
Matriculados,2019,25799,Tenjo,Oficial,Media,325
Matriculados,2019,25799,Tenjo,Oficial,Total,2983
Matriculados,2019,25817,Tocancipá,Oficial,Transición,462
Matriculados,2019,25817,Tocancipá,Oficial,Primaria,3136
Matriculados,2019,25817,Tocancipá,Oficial,Secundaria,2608
Matriculados,2019,25817,Tocancipá,Oficial,Media,862
Matriculados,2019,25817,Tocancipá,Oficial,Total,6731
Matriculados,2019,25899,Zipaquirá,Oficial,Transición,1032
Matriculados,2019,25899,Zipaquirá,Oficial,Primaria,6231
Matriculados,2019,25899,Zipaquirá,Oficial,Secundaria,6037
Matriculados,2019,25899,Zipaquirá,Oficial,Media,1964
Matriculados,2019,25899,Zipaquirá,Oficial,Total,14396
Matriculados,2019,25126,Cajicá,No Oficial,Prejardín-Jardín,674
Matriculados,2019,25126,Cajicá,No Oficial,Transición,507
Matriculados,2019,25126,Cajicá,No Oficial,Primaria,2853
Matriculados,2019,25126,Cajicá,No Oficial,Secundaria,1993
Matriculados,2019,25126,Cajicá,No Oficial,Media,631
Matriculados,2019,25126,Cajicá,No Oficial,Total,6658
Matriculados,2019,25175,Chía,No Oficial,Prejardín-Jardín,1468
Matriculados,2019,25175,Chía,No Oficial,Transición,977
Matriculados,2019,25175,Chía,No Oficial,Primaria,5794
Matriculados,2019,25175,Chía,No Oficial,Secundaria,4691
Matriculados,2019,25175,Chía,No Oficial,Media,2206
Matriculados,2019,25175,Chía,No Oficial,Total,15136
Matriculados,2019,25200,Cogua,No Oficial,Prejardín-Jardín,84
Matriculados,2019,25200,Cogua,No Oficial,Transición,96
Matriculados,2019,25200,Cogua,No Oficial,Primaria,392
Matriculados,2019,25200,Cogua,No Oficial,Secundaria,272
Matriculados,2019,25200,Cogua,No Oficial,Media,128
Matriculados,2019,25200,Cogua,No Oficial,Total,907
Matriculados,2019,25214,Cota,No Oficial,Prejardín-Jardín,632
Matriculados,2019,25214,Cota,No Oficial,Transición,617
Matriculados,2019,25214,Cota,No Oficial,Primaria,4865
Matriculados,2019,25214,Cota,No Oficial,Secundaria,3429
Matriculados,2019,25214,Cota,No Oficial,Media,1293
Matriculados,2019,25214,Cota,No Oficial,Total,10190
Matriculados,2019,25295,Gachancipá,No Oficial,Prejardín-Jardín,126
Matriculados,2019,25295,Gachancipá,No Oficial,Transición,117
Matriculados,2019,25295,Gachancipá,No Oficial,Primaria,422
Matriculados,2019,25295,Gachancipá,No Oficial,Secundaria,162
Matriculados,2019,25295,Gachancipá,No Oficial,Media,49
Matriculados,2019,25295,Gachancipá,No Oficial,Total,876
Matriculados,2019,25486,Nemocón,No Oficial,Prejardín-Jardín,38
Matriculados,2019,25486,Nemocón,No Oficial,Transición,63
Matriculados,2019,25486,Nemocón,No Oficial,Primaria,254
Matriculados,2019,25486,Nemocón,No Oficial,Secundaria,255
Matriculados,2019,25486,Nemocón,No Oficial,Media,78
Matriculados,2019,25486,Nemocón,No Oficial,Total,651
Matriculados,2019,25758,Sopó,No Oficial,Prejardín-Jardín,290
Matriculados,2019,25758,Sopó,No Oficial,Transición,122
Matriculados,2019,25758,Sopó,No Oficial,Primaria,702
Matriculados,2019,25758,Sopó,No Oficial,Secundaria,460
Matriculados,2019,25758,Sopó,No Oficial,Media,169
Matriculados,2019,25758,Sopó,No Oficial,Total,1743
Matriculados,2019,25785,Tabio,No Oficial,Prejardín-Jardín,203
Matriculados,2019,25785,Tabio,No Oficial,Transición,151
Matriculados,2019,25785,Tabio,No Oficial,Primaria,600
Matriculados,2019,25785,Tabio,No Oficial,Secundaria,342
Matriculados,2019,25785,Tabio,No Oficial,Media,132
Matriculados,2019,25785,Tabio,No Oficial,Total,1375
Matriculados,2019,25799,Tenjo,No Oficial,Prejardín-Jardín,165
Matriculados,2019,25799,Tenjo,No Oficial,Transición,201
Matriculados,2019,25799,Tenjo,No Oficial,Primaria,1908
Matriculados,2019,25799,Tenjo,No Oficial,Secundaria,1598
Matriculados,2019,25799,Tenjo,No Oficial,Media,555
Matriculados,2019,25799,Tenjo,No Oficial,Total,4155
Matriculados,2019,25817,Tocancipá,No Oficial,Prejardín-Jardín,126
Matriculados,2019,25817,Tocancipá,No Oficial,Transición,126
Matriculados,2019,25817,Tocancipá,No Oficial,Primaria,718
Matriculados,2019,25817,Tocancipá,No Oficial,Secundaria,499
Matriculados,2019,25817,Tocancipá,No Oficial,Media,205
Matriculados,2019,25817,Tocancipá,No Oficial,Total,1579
Matriculados,2019,25899,Zipaquirá,No Oficial,Prejardín-Jardín,1194
Matriculados,2019,25899,Zipaquirá,No Oficial,Transición,907
Matriculados,2019,25899,Zipaquirá,No Oficial,Primaria,4479
Matriculados,2019,25899,Zipaquirá,No Oficial,Secundaria,2432
Matriculados,2019,25899,Zipaquirá,No Oficial,Media,942
Matriculados,2019,25899,Zipaquirá,No Oficial,Total,9954
Matriculados,2020,25126,Cajicá,Oficial,Transición,588
Matriculados,2020,25126,Cajicá,Oficial,Primaria,3385
Matriculados,2020,25126,Cajicá,Oficial,Secundaria,2947
Matriculados,2020,25126,Cajicá,Oficial,Media,1012
Matriculados,2020,25126,Cajicá,Oficial,Total,7932
Matriculados,2020,25175,Chía,Oficial,Transición,1091
Matriculados,2020,25175,Chía,Oficial,Primaria,6225
Matriculados,2020,25175,Chía,Oficial,Secundaria,5720
Matriculados,2020,25175,Chía,Oficial,Media,1917
Matriculados,2020,25175,Chía,Oficial,Total,14953
Matriculados,2020,25200,Cogua,Oficial,Transición,261
Matriculados,2020,25200,Cogua,Oficial,Primaria,1465
Matriculados,2020,25200,Cogua,Oficial,Secundaria,1348
Matriculados,2020,25200,Cogua,Oficial,Media,444
Matriculados,2020,25200,Cogua,Oficial,Total,3518
Matriculados,2020,25214,Cota,Oficial,Transición,212
Matriculados,2020,25214,Cota,Oficial,Primaria,1254
Matriculados,2020,25214,Cota,Oficial,Secundaria,1195
Matriculados,2020,25214,Cota,Oficial,Media,459
Matriculados,2020,25214,Cota,Oficial,Total,3120
Matriculados,2020,25295,Gachancipá,Oficial,Transición,188
Matriculados,2020,25295,Gachancipá,Oficial,Primaria,1204
Matriculados,2020,25295,Gachancipá,Oficial,Secundaria,796
Matriculados,2020,25295,Gachancipá,Oficial,Media,216
Matriculados,2020,25295,Gachancipá,Oficial,Total,2404
Matriculados,2020,25486,Nemocón,Oficial,Transición,174
Matriculados,2020,25486,Nemocón,Oficial,Primaria,1145
Matriculados,2020,25486,Nemocón,Oficial,Secundaria,914
Matriculados,2020,25486,Nemocón,Oficial,Media,278
Matriculados,2020,25486,Nemocón,Oficial,Total,2511
Matriculados,2020,25758,Sopó,Oficial,Transición,247
Matriculados,2020,25758,Sopó,Oficial,Primaria,1404
Matriculados,2020,25758,Sopó,Oficial,Secundaria,1510
Matriculados,2020,25758,Sopó,Oficial,Media,492
Matriculados,2020,25758,Sopó,Oficial,Total,3653
Matriculados,2020,25785,Tabio,Oficial,Transición,194
Matriculados,2020,25785,Tabio,Oficial,Primaria,1194
Matriculados,2020,25785,Tabio,Oficial,Secundaria,1063
Matriculados,2020,25785,Tabio,Oficial,Media,389
Matriculados,2020,25785,Tabio,Oficial,Total,2840
Matriculados,2020,25799,Tenjo,Oficial,Transición,233
Matriculados,2020,25799,Tenjo,Oficial,Primaria,1316
Matriculados,2020,25799,Tenjo,Oficial,Secundaria,1114
Matriculados,2020,25799,Tenjo,Oficial,Media,341
Matriculados,2020,25799,Tenjo,Oficial,Total,3004
Matriculados,2020,25817,Tocancipá,Oficial,Transición,501
Matriculados,2020,25817,Tocancipá,Oficial,Primaria,3072
Matriculados,2020,25817,Tocancipá,Oficial,Secundaria,2651
Matriculados,2020,25817,Tocancipá,Oficial,Media,975
Matriculados,2020,25817,Tocancipá,Oficial,Total,7199
Matriculados,2020,25899,Zipaquirá,Oficial,Transición,1030
Matriculados,2020,25899,Zipaquirá,Oficial,Primaria,6369
Matriculados,2020,25899,Zipaquirá,Oficial,Secundaria,6194
Matriculados,2020,25899,Zipaquirá,Oficial,Media,1994
Matriculados,2020,25899,Zipaquirá,Oficial,Total,15587
Matriculados,2020,25126,Cajicá,No Oficial,Prejardín-Jardín,640
Matriculados,2020,25126,Cajicá,No Oficial,Transición,610
Matriculados,2020,25126,Cajicá,No Oficial,Primaria,2990
Matriculados,2020,25126,Cajicá,No Oficial,Secundaria,2093
Matriculados,2020,25126,Cajicá,No Oficial,Media,815
Matriculados,2020,25126,Cajicá,No Oficial,Total,7148
Matriculados,2020,25175,Chía,No Oficial,Prejardín-Jardín,1232
Matriculados,2020,25175,Chía,No Oficial,Transición,976
Matriculados,2020,25175,Chía,No Oficial,Primaria,5482
Matriculados,2020,25175,Chía,No Oficial,Secundaria,4507
Matriculados,2020,25175,Chía,No Oficial,Media,2292
Matriculados,2020,25175,Chía,No Oficial,Total,14489
Matriculados,2020,25200,Cogua,No Oficial,Prejardín-Jardín,56
Matriculados,2020,25200,Cogua,No Oficial,Transición,110
Matriculados,2020,25200,Cogua,No Oficial,Primaria,402
Matriculados,2020,25200,Cogua,No Oficial,Secundaria,288
Matriculados,2020,25200,Cogua,No Oficial,Media,120
Matriculados,2020,25200,Cogua,No Oficial,Total,976
Matriculados,2020,25214,Cota,No Oficial,Prejardín-Jardín,614
Matriculados,2020,25214,Cota,No Oficial,Transición,603
Matriculados,2020,25214,Cota,No Oficial,Primaria,4634
Matriculados,2020,25214,Cota,No Oficial,Secundaria,3833
Matriculados,2020,25214,Cota,No Oficial,Media,1424
Matriculados,2020,25214,Cota,No Oficial,Total,11108
Matriculados,2020,25295,Gachancipá,No Oficial,Prejardín-Jardín,103
Matriculados,2020,25295,Gachancipá,No Oficial,Transición,92
Matriculados,2020,25295,Gachancipá,No Oficial,Primaria,458
Matriculados,2020,25295,Gachancipá,No Oficial,Secundaria,179
Matriculados,2020,25295,Gachancipá,No Oficial,Media,53
Matriculados,2020,25295,Gachancipá,No Oficial,Total,885
Matriculados,2020,25486,Nemocón,No Oficial,Prejardín-Jardín,62
Matriculados,2020,25486,Nemocón,No Oficial,Transición,52
Matriculados,2020,25486,Nemocón,No Oficial,Primaria,258
Matriculados,2020,25486,Nemocón,No Oficial,Secundaria,184
Matriculados,2020,25486,Nemocón,No Oficial,Media,69
Matriculados,2020,25486,Nemocón,No Oficial,Total,625
Matriculados,2020,25758,Sopó,No Oficial,Prejardín-Jardín,295
Matriculados,2020,25758,Sopó,No Oficial,Transición,146
Matriculados,2020,25758,Sopó,No Oficial,Primaria,706
Matriculados,2020,25758,Sopó,No Oficial,Secundaria,470
Matriculados,2020,25758,Sopó,No Oficial,Media,168
Matriculados,2020,25758,Sopó,No Oficial,Total,1785
Matriculados,2020,25785,Tabio,No Oficial,Prejardín-Jardín,174
Matriculados,2020,25785,Tabio,No Oficial,Transición,141
Matriculados,2020,25785,Tabio,No Oficial,Primaria,691
Matriculados,2020,25785,Tabio,No Oficial,Secundaria,388
Matriculados,2020,25785,Tabio,No Oficial,Media,153
Matriculados,2020,25785,Tabio,No Oficial,Total,1547
Matriculados,2020,25799,Tenjo,No Oficial,Prejardín-Jardín,152
Matriculados,2020,25799,Tenjo,No Oficial,Transición,197
Matriculados,2020,25799,Tenjo,No Oficial,Primaria,1686
Matriculados,2020,25799,Tenjo,No Oficial,Secundaria,1420
Matriculados,2020,25799,Tenjo,No Oficial,Media,583
Matriculados,2020,25799,Tenjo,No Oficial,Total,4038
Matriculados,2020,25817,Tocancipá,No Oficial,Prejardín-Jardín,124
Matriculados,2020,25817,Tocancipá,No Oficial,Transición,136
Matriculados,2020,25817,Tocancipá,No Oficial,Primaria,713
Matriculados,2020,25817,Tocancipá,No Oficial,Secundaria,505
Matriculados,2020,25817,Tocancipá,No Oficial,Media,217
Matriculados,2020,25817,Tocancipá,No Oficial,Total,1695
Matriculados,2020,25899,Zipaquirá,No Oficial,Prejardín-Jardín,1035
Matriculados,2020,25899,Zipaquirá,No Oficial,Transición,942
Matriculados,2020,25899,Zipaquirá,No Oficial,Primaria,4387
Matriculados,2020,25899,Zipaquirá,No Oficial,Secundaria,2656
Matriculados,2020,25899,Zipaquirá,No Oficial,Media,942
Matriculados,2020,25899,Zipaquirá,No Oficial,Total,9962
Matriculados,2021,25126,Cajicá,Oficial,Transición,580
Matriculados,2021,25126,Cajicá,Oficial,Primaria,3338
Matriculados,2021,25126,Cajicá,Oficial,Secundaria,3002
Matriculados,2021,25126,Cajicá,Oficial,Media,961
Matriculados,2021,25126,Cajicá,Oficial,Total,7881
Matriculados,2021,25126,Chía,Oficial,Prejardín-Jardín,13
Matriculados,2021,25175,Chía,Oficial,Transición,1067
Matriculados,2021,25175,Chía,Oficial,Primaria,6219
Matriculados,2021,25175,Chía,Oficial,Secundaria,5779
Matriculados,2021,25175,Chía,Oficial,Media,2014
Matriculados,2021,25175,Chía,Oficial,Total,15092
Matriculados,2021,25200,Cogua,Oficial,Transición,274
Matriculados,2021,25200,Cogua,Oficial,Primaria,1473
Matriculados,2021,25200,Cogua,Oficial,Secundaria,1437
Matriculados,2021,25200,Cogua,Oficial,Media,436
Matriculados,2021,25200,Cogua,Oficial,Total,3620
Matriculados,2021,25214,Cota,Oficial,Transición,246
Matriculados,2021,25214,Cota,Oficial,Primaria,1301
Matriculados,2021,25214,Cota,Oficial,Secundaria,1266
Matriculados,2021,25214,Cota,Oficial,Media,518
Matriculados,2021,25214,Cota,Oficial,Total,3331
Matriculados,2021,25295,Gachancipá,Oficial,Transición,219
Matriculados,2021,25295,Gachancipá,Oficial,Primaria,1185
Matriculados,2021,25295,Gachancipá,Oficial,Secundaria,902
Matriculados,2021,25295,Gachancipá,Oficial,Media,204
Matriculados,2021,25295,Gachancipá,Oficial,Total,2510
Matriculados,2021,25486,Nemocón,Oficial,Transición,196
Matriculados,2021,25486,Nemocón,Oficial,Primaria,1196
Matriculados,2021,25486,Nemocón,Oficial,Secundaria,943
Matriculados,2021,25486,Nemocón,Oficial,Media,290
Matriculados,2021,25486,Nemocón,Oficial,Total,2625
Matriculados,2021,25758,Sopó,Oficial,Transición,244
Matriculados,2021,25758,Sopó,Oficial,Primaria,1380
Matriculados,2021,25758,Sopó,Oficial,Secundaria,1543
Matriculados,2021,25758,Sopó,Oficial,Media,469
Matriculados,2021,25758,Sopó,Oficial,Total,3636
Matriculados,2021,25785,Tabio,Oficial,Transición,204
Matriculados,2021,25785,Tabio,Oficial,Primaria,1211
Matriculados,2021,25785,Tabio,Oficial,Secundaria,1131
Matriculados,2021,25785,Tabio,Oficial,Media,398
Matriculados,2021,25785,Tabio,Oficial,Total,2944
Matriculados,2021,25799,Tenjo,Oficial,Transición,230
Matriculados,2021,25799,Tenjo,Oficial,Primaria,1339
Matriculados,2021,25799,Tenjo,Oficial,Secundaria,1115
Matriculados,2021,25799,Tenjo,Oficial,Media,314
Matriculados,2021,25799,Tenjo,Oficial,Total,2998
Matriculados,2021,25817,Tocancipá,Oficial,Transición,543
Matriculados,2021,25817,Tocancipá,Oficial,Primaria,3121
Matriculados,2021,25817,Tocancipá,Oficial,Secundaria,2815
Matriculados,2021,25817,Tocancipá,Oficial,Media,968
Matriculados,2021,25817,Tocancipá,Oficial,Total,7447
Matriculados,2021,25899,Zipaquirá,Oficial,Transición,1136
Matriculados,2021,25899,Zipaquirá,Oficial,Primaria,6504
Matriculados,2021,25899,Zipaquirá,Oficial,Secundaria,6255
Matriculados,2021,25899,Zipaquirá,Oficial,Media,1933
Matriculados,2021,25899,Zipaquirá,Oficial,Total,15828
Matriculados,2021,25126,Cajicá,No Oficial,Prejardín-Jardín,356
Matriculados,2021,25126,Cajicá,No Oficial,Transición,430
Matriculados,2021,25126,Cajicá,No Oficial,Primaria,2895
Matriculados,2021,25126,Cajicá,No Oficial,Secundaria,2211
Matriculados,2021,25126,Cajicá,No Oficial,Media,972
Matriculados,2021,25126,Cajicá,No Oficial,Total,6864
Matriculados,2021,25175,Chía,No Oficial,Prejardín-Jardín,974
Matriculados,2021,25175,Chía,No Oficial,Transición,945
Matriculados,2021,25175,Chía,No Oficial,Primaria,5219
Matriculados,2021,25175,Chía,No Oficial,Secundaria,4481
Matriculados,2021,25175,Chía,No Oficial,Media,2234
Matriculados,2021,25175,Chía,No Oficial,Total,13853
Matriculados,2021,25200,Cogua,No Oficial,Prejardín-Jardín,50
Matriculados,2021,25200,Cogua,No Oficial,Transición,102
Matriculados,2021,25200,Cogua,No Oficial,Primaria,382
Matriculados,2021,25200,Cogua,No Oficial,Secundaria,319
Matriculados,2021,25200,Cogua,No Oficial,Media,111
Matriculados,2021,25200,Cogua,No Oficial,Total,964
Matriculados,2021,25214,Cota,No Oficial,Prejardín-Jardín,494
Matriculados,2021,25214,Cota,No Oficial,Transición,570
Matriculados,2021,25214,Cota,No Oficial,Primaria,4498
Matriculados,2021,25214,Cota,No Oficial,Secundaria,3960
Matriculados,2021,25214,Cota,No Oficial,Media,1538
Matriculados,2021,25214,Cota,No Oficial,Total,11060
Matriculados,2021,25295,Gachancipá,No Oficial,Prejardín-Jardín,48
Matriculados,2021,25295,Gachancipá,No Oficial,Transición,101
Matriculados,2021,25295,Gachancipá,No Oficial,Primaria,446
Matriculados,2021,25295,Gachancipá,No Oficial,Secundaria,226
Matriculados,2021,25295,Gachancipá,No Oficial,Media,41
Matriculados,2021,25295,Gachancipá,No Oficial,Total,862
Matriculados,2021,25486,Nemocón,No Oficial,Prejardín-Jardín,11
Matriculados,2021,25486,Nemocón,No Oficial,Transición,38
Matriculados,2021,25486,Nemocón,No Oficial,Primaria,201
Matriculados,2021,25486,Nemocón,No Oficial,Secundaria,167
Matriculados,2021,25486,Nemocón,No Oficial,Media,76
Matriculados,2021,25486,Nemocón,No Oficial,Total,493
Matriculados,2021,25758,Sopó,No Oficial,Prejardín-Jardín,154
Matriculados,2021,25758,Sopó,No Oficial,Transición,138
Matriculados,2021,25758,Sopó,No Oficial,Primaria,668
Matriculados,2021,25758,Sopó,No Oficial,Secundaria,493
Matriculados,2021,25758,Sopó,No Oficial,Media,174
Matriculados,2021,25758,Sopó,No Oficial,Total,1627
Matriculados,2021,25785,Tabio,No Oficial,Prejardín-Jardín,75
Matriculados,2021,25785,Tabio,No Oficial,Transición,133
Matriculados,2021,25785,Tabio,No Oficial,Primaria,648
Matriculados,2021,25785,Tabio,No Oficial,Secundaria,414
Matriculados,2021,25785,Tabio,No Oficial,Media,147
Matriculados,2021,25785,Tabio,No Oficial,Total,1417
Matriculados,2021,25799,Tenjo,No Oficial,Prejardín-Jardín,102
Matriculados,2021,25799,Tenjo,No Oficial,Transición,164
Matriculados,2021,25799,Tenjo,No Oficial,Primaria,1551
Matriculados,2021,25799,Tenjo,No Oficial,Secundaria,1405
Matriculados,2021,25799,Tenjo,No Oficial,Media,640
Matriculados,2021,25799,Tenjo,No Oficial,Total,3862
Matriculados,2021,25817,Tocancipá,No Oficial,Prejardín-Jardín,46
Matriculados,2021,25817,Tocancipá,No Oficial,Transición,81
Matriculados,2021,25817,Tocancipá,No Oficial,Primaria,612
Matriculados,2021,25817,Tocancipá,No Oficial,Secundaria,490
Matriculados,2021,25817,Tocancipá,No Oficial,Media,218
Matriculados,2021,25817,Tocancipá,No Oficial,Total,1447
Matriculados,2021,25899,Zipaquirá,No Oficial,Prejardín-Jardín,531
Matriculados,2021,25899,Zipaquirá,No Oficial,Transición,712
Matriculados,2021,25899,Zipaquirá,No Oficial,Primaria,3941
Matriculados,2021,25899,Zipaquirá,No Oficial,Secundaria,2698
Matriculados,2021,25899,Zipaquirá,No Oficial,Media,999
Matriculados,2021,25899,Zipaquirá,No Oficial,Total,8881
Matriculados,2022,25126,Cajicá,Oficial,Transición,607
Matriculados,2022,25126,Cajicá,Oficial,Primaria,3335
Matriculados,2022,25126,Cajicá,Oficial,Secundaria,2911
Matriculados,2022,25126,Cajicá,Oficial,Media,990
Matriculados,2022,25126,Cajicá,Oficial,Total,7843
Matriculados,2022,25175,Chía,Oficial,Transición,1071
Matriculados,2022,25175,Chía,Oficial,Primaria,6151
Matriculados,2022,25175,Chía,Oficial,Secundaria,5641
Matriculados,2022,25175,Chía,Oficial,Media,1976
Matriculados,2022,25175,Chía,Oficial,Total,14839
Matriculados,2022,25200,Cogua,Oficial,Transición,282
Matriculados,2022,25200,Cogua,Oficial,Primaria,1457
Matriculados,2022,25200,Cogua,Oficial,Secundaria,1311
Matriculados,2022,25200,Cogua,Oficial,Media,474
Matriculados,2022,25200,Cogua,Oficial,Total,3524
Matriculados,2022,25214,Cota,Oficial,Transición,234
Matriculados,2022,25214,Cota,Oficial,Primaria,1253
Matriculados,2022,25214,Cota,Oficial,Secundaria,1171
Matriculados,2022,25214,Cota,Oficial,Media,466
Matriculados,2022,25214,Cota,Oficial,Total,3124
Matriculados,2022,25295,Gachancipá,Oficial,Transición,259
Matriculados,2022,25295,Gachancipá,Oficial,Primaria,1169
Matriculados,2022,25295,Gachancipá,Oficial,Secundaria,850
Matriculados,2022,25295,Gachancipá,Oficial,Media,235
Matriculados,2022,25295,Gachancipá,Oficial,Total,2513
Matriculados,2022,25486,Nemocón,Oficial,Transición,275
Matriculados,2022,25486,Nemocón,Oficial,Primaria,1238
Matriculados,2022,25486,Nemocón,Oficial,Secundaria,1051
Matriculados,2022,25486,Nemocón,Oficial,Media,239
Matriculados,2022,25486,Nemocón,Oficial,Total,2803
Matriculados,2022,25758,Sopó,Oficial,Transición,260
Matriculados,2022,25758,Sopó,Oficial,Primaria,1301
Matriculados,2022,25758,Sopó,Oficial,Secundaria,1489
Matriculados,2022,25758,Sopó,Oficial,Media,465
Matriculados,2022,25758,Sopó,Oficial,Total,3515
Matriculados,2022,25785,Tabio,Oficial,Transición,235
Matriculados,2022,25785,Tabio,Oficial,Primaria,1228
Matriculados,2022,25785,Tabio,Oficial,Secundaria,1112
Matriculados,2022,25785,Tabio,Oficial,Media,411
Matriculados,2022,25785,Tabio,Oficial,Total,2986
Matriculados,2022,25799,Tenjo,Oficial,Transición,262
Matriculados,2022,25799,Tenjo,Oficial,Primaria,1289
Matriculados,2022,25799,Tenjo,Oficial,Secundaria,1136
Matriculados,2022,25799,Tenjo,Oficial,Media,353
Matriculados,2022,25799,Tenjo,Oficial,Total,3040
Matriculados,2022,25817,Tocancipá,Oficial,Transición,675
Matriculados,2022,25817,Tocancipá,Oficial,Primaria,3371
Matriculados,2022,25817,Tocancipá,Oficial,Secundaria,2808
Matriculados,2022,25817,Tocancipá,Oficial,Media,835
Matriculados,2022,25817,Tocancipá,Oficial,Total,7689
Matriculados,2022,25899,Zipaquirá,Oficial,Transición,1145
Matriculados,2022,25899,Zipaquirá,Oficial,Primaria,6451
Matriculados,2022,25899,Zipaquirá,Oficial,Secundaria,6085
Matriculados,2022,25899,Zipaquirá,Oficial,Media,1869
Matriculados,2022,25899,Zipaquirá,Oficial,Total,15550
Matriculados,2022,25126,Cajicá,No Oficial,Prejardín-Jardín,521
Matriculados,2022,25126,Cajicá,No Oficial,Transición,546
Matriculados,2022,25126,Cajicá,No Oficial,Primaria,2904
Matriculados,2022,25126,Cajicá,No Oficial,Secundaria,2254
Matriculados,2022,25126,Cajicá,No Oficial,Media,983
Matriculados,2022,25126,Cajicá,No Oficial,Total,7208
Matriculados,2022,25175,Chía,No Oficial,Prejardín-Jardín,1165
Matriculados,2022,25175,Chía,No Oficial,Transición,899
Matriculados,2022,25175,Chía,No Oficial,Primaria,5299
Matriculados,2022,25175,Chía,No Oficial,Secundaria,4507
Matriculados,2022,25175,Chía,No Oficial,Media,2106
Matriculados,2022,25175,Chía,No Oficial,Total,13976
Matriculados,2022,25200,Cogua,No Oficial,Prejardín-Jardín,60
Matriculados,2022,25200,Cogua,No Oficial,Transición,113
Matriculados,2022,25200,Cogua,No Oficial,Primaria,447
Matriculados,2022,25200,Cogua,No Oficial,Secundaria,293
Matriculados,2022,25200,Cogua,No Oficial,Media,139
Matriculados,2022,25200,Cogua,No Oficial,Total,1052
Matriculados,2022,25214,Cota,No Oficial,Prejardín-Jardín,562
Matriculados,2022,25214,Cota,No Oficial,Transición,551
Matriculados,2022,25214,Cota,No Oficial,Primaria,4339
Matriculados,2022,25214,Cota,No Oficial,Secundaria,3948
Matriculados,2022,25214,Cota,No Oficial,Media,1595
Matriculados,2022,25214,Cota,No Oficial,Total,10995
Matriculados,2022,25295,Gachancipá,No Oficial,Prejardín-Jardín,107
Matriculados,2022,25295,Gachancipá,No Oficial,Transición,140
Matriculados,2022,25295,Gachancipá,No Oficial,Primaria,545
Matriculados,2022,25295,Gachancipá,No Oficial,Secundaria,286
Matriculados,2022,25295,Gachancipá,No Oficial,Media,69
Matriculados,2022,25295,Gachancipá,No Oficial,Total,1147
Matriculados,2022,25486,Nemocón,No Oficial,Prejardín-Jardín,57
Matriculados,2022,25486,Nemocón,No Oficial,Transición,46
Matriculados,2022,25486,Nemocón,No Oficial,Primaria,228
Matriculados,2022,25486,Nemocón,No Oficial,Secundaria,175
Matriculados,2022,25486,Nemocón,No Oficial,Media,85
Matriculados,2022,25486,Nemocón,No Oficial,Total,591
Matriculados,2022,25758,Sopó,No Oficial,Prejardín-Jardín,267
Matriculados,2022,25758,Sopó,No Oficial,Transición,141
Matriculados,2022,25758,Sopó,No Oficial,Primaria,696
Matriculados,2022,25758,Sopó,No Oficial,Secundaria,492
Matriculados,2022,25758,Sopó,No Oficial,Media,195
Matriculados,2022,25758,Sopó,No Oficial,Total,1791
Matriculados,2022,25785,Tabio,No Oficial,Prejardín-Jardín,179
Matriculados,2022,25785,Tabio,No Oficial,Transición,141
Matriculados,2022,25785,Tabio,No Oficial,Primaria,685
Matriculados,2022,25785,Tabio,No Oficial,Secundaria,459
Matriculados,2022,25785,Tabio,No Oficial,Media,164
Matriculados,2022,25785,Tabio,No Oficial,Total,1628
Matriculados,2022,25799,Tenjo,No Oficial,Prejardín-Jardín,133
Matriculados,2022,25799,Tenjo,No Oficial,Transición,207
Matriculados,2022,25799,Tenjo,No Oficial,Primaria,1557
Matriculados,2022,25799,Tenjo,No Oficial,Secundaria,1397
Matriculados,2022,25799,Tenjo,No Oficial,Media,600
Matriculados,2022,25799,Tenjo,No Oficial,Total,3894
Matriculados,2022,25817,Tocancipá,No Oficial,Prejardín-Jardín,77
Matriculados,2022,25817,Tocancipá,No Oficial,Transición,125
Matriculados,2022,25817,Tocancipá,No Oficial,Primaria,652
Matriculados,2022,25817,Tocancipá,No Oficial,Secundaria,553
Matriculados,2022,25817,Tocancipá,No Oficial,Media,213
Matriculados,2022,25817,Tocancipá,No Oficial,Total,1620
Matriculados,2022,25899,Zipaquirá,No Oficial,Prejardín-Jardín,1036
Matriculados,2022,25899,Zipaquirá,No Oficial,Transición,869
Matriculados,2022,25899,Zipaquirá,No Oficial,Primaria,4175
Matriculados,2022,25899,Zipaquirá,No Oficial,Secundaria,2866
Matriculados,2022,25899,Zipaquirá,No Oficial,Media,1018
Matriculados,2022,25899,Zipaquirá,No Oficial,Total,9964
Matriculados,2023,25126,Cajicá,Oficial,Transición,589
Matriculados,2023,25126,Cajicá,Oficial,Primaria,3383
Matriculados,2023,25126,Cajicá,Oficial,Secundaria,2800
Matriculados,2023,25126,Cajicá,Oficial,Media,1042
Matriculados,2023,25126,Cajicá,Oficial,Total,7814
Matriculados,2023,25175,Chía,Oficial,Transición,1036
Matriculados,2023,25175,Chía,Oficial,Primaria,5958
Matriculados,2023,25175,Chía,Oficial,Secundaria,5586
Matriculados,2023,25175,Chía,Oficial,Media,2102
Matriculados,2023,25175,Chía,Oficial,Total,14682
Matriculados,2023,25200,Cogua,Oficial,Transición,231
Matriculados,2023,25200,Cogua,Oficial,Primaria,1461
Matriculados,2023,25200,Cogua,Oficial,Secundaria,1289
Matriculados,2023,25200,Cogua,Oficial,Media,518
Matriculados,2023,25200,Cogua,Oficial,Total,3499
Matriculados,2023,25214,Cota,Oficial,Transición,225
Matriculados,2023,25214,Cota,Oficial,Primaria,1242
Matriculados,2023,25214,Cota,Oficial,Secundaria,1070
Matriculados,2023,25214,Cota,Oficial,Media,441
Matriculados,2023,25214,Cota,Oficial,Total,2978
Matriculados,2023,25295,Gachancipá,Oficial,Transición,219
Matriculados,2023,25295,Gachancipá,Oficial,Primaria,1258
Matriculados,2023,25295,Gachancipá,Oficial,Secundaria,923
Matriculados,2023,25295,Gachancipá,Oficial,Media,247
Matriculados,2023,25295,Gachancipá,Oficial,Total,2647
Matriculados,2023,25486,Nemocón,Oficial,Transición,199
Matriculados,2023,25486,Nemocón,Oficial,Primaria,1247
Matriculados,2023,25486,Nemocón,Oficial,Secundaria,971
Matriculados,2023,25486,Nemocón,Oficial,Media,270
Matriculados,2023,25486,Nemocón,Oficial,Total,2687
Matriculados,2023,25758,Sopó,Oficial,Transición,223
Matriculados,2023,25758,Sopó,Oficial,Primaria,1274
Matriculados,2023,25758,Sopó,Oficial,Secundaria,1451
Matriculados,2023,25758,Sopó,Oficial,Media,552
Matriculados,2023,25758,Sopó,Oficial,Total,3500
Matriculados,2023,25785,Tabio,Oficial,Transición,208
Matriculados,2023,25785,Tabio,Oficial,Primaria,1257
Matriculados,2023,25785,Tabio,Oficial,Secundaria,1092
Matriculados,2023,25785,Tabio,Oficial,Media,400
Matriculados,2023,25785,Tabio,Oficial,Total,2957
Matriculados,2023,25799,Tenjo,Oficial,Transición,217
Matriculados,2023,25799,Tenjo,Oficial,Primaria,1255
Matriculados,2023,25799,Tenjo,Oficial,Secundaria,1111
Matriculados,2023,25799,Tenjo,Oficial,Media,423
Matriculados,2023,25799,Tenjo,Oficial,Total,3006
Matriculados,2023,25817,Tocancipá,Oficial,Transición,619
Matriculados,2023,25817,Tocancipá,Oficial,Primaria,3661
Matriculados,2023,25817,Tocancipá,Oficial,Secundaria,3065
Matriculados,2023,25817,Tocancipá,Oficial,Media,975
Matriculados,2023,25817,Tocancipá,Oficial,Total,8320
Matriculados,2023,25899,Zipaquirá,Oficial,Transición,1173
Matriculados,2023,25899,Zipaquirá,Oficial,Primaria,6716
Matriculados,2023,25899,Zipaquirá,Oficial,Secundaria,6207
Matriculados,2023,25899,Zipaquirá,Oficial,Media,1927
Matriculados,2023,25899,Zipaquirá,Oficial,Total,16023
Matriculados,2023,25126,Cajicá,No Oficial,Prejardín-Jardín,657
Matriculados,2023,25126,Cajicá,No Oficial,Transición,495
Matriculados,2023,25126,Cajicá,No Oficial,Primaria,2954
Matriculados,2023,25126,Cajicá,No Oficial,Secundaria,2209
Matriculados,2023,25126,Cajicá,No Oficial,Media,995
Matriculados,2023,25126,Cajicá,No Oficial,Total,7310
Matriculados,2023,25175,Chía,No Oficial,Prejardín-Jardín,1162
Matriculados,2023,25175,Chía,No Oficial,Transición,1045
Matriculados,2023,25175,Chía,No Oficial,Primaria,5630
Matriculados,2023,25175,Chía,No Oficial,Secundaria,4930
Matriculados,2023,25175,Chía,No Oficial,Media,2288
Matriculados,2023,25175,Chía,No Oficial,Total,15055
Matriculados,2023,25200,Cogua,No Oficial,Prejardín-Jardín,36
Matriculados,2023,25200,Cogua,No Oficial,Transición,66
Matriculados,2023,25200,Cogua,No Oficial,Primaria,460
Matriculados,2023,25200,Cogua,No Oficial,Secundaria,267
Matriculados,2023,25200,Cogua,No Oficial,Media,138
Matriculados,2023,25200,Cogua,No Oficial,Total,967
Matriculados,2023,25214,Cota,No Oficial,Prejardín-Jardín,510
Matriculados,2023,25214,Cota,No Oficial,Transición,483
Matriculados,2023,25214,Cota,No Oficial,Primaria,4227
Matriculados,2023,25214,Cota,No Oficial,Secundaria,3946
Matriculados,2023,25214,Cota,No Oficial,Media,1629
Matriculados,2023,25214,Cota,No Oficial,Total,10795
Matriculados,2023,25295,Gachancipá,No Oficial,Prejardín-Jardín,123
Matriculados,2023,25295,Gachancipá,No Oficial,Transición,189
Matriculados,2023,25295,Gachancipá,No Oficial,Primaria,654
Matriculados,2023,25295,Gachancipá,No Oficial,Secundaria,354
Matriculados,2023,25295,Gachancipá,No Oficial,Media,87
Matriculados,2023,25295,Gachancipá,No Oficial,Total,1407
Matriculados,2023,25486,Nemocón,No Oficial,Prejardín-Jardín,63
Matriculados,2023,25486,Nemocón,No Oficial,Transición,61
Matriculados,2023,25486,Nemocón,No Oficial,Primaria,312
Matriculados,2023,25486,Nemocón,No Oficial,Secundaria,235
Matriculados,2023,25486,Nemocón,No Oficial,Media,84
Matriculados,2023,25486,Nemocón,No Oficial,Total,755
Matriculados,2023,25758,Sopó,No Oficial,Prejardín-Jardín,239
Matriculados,2023,25758,Sopó,No Oficial,Transición,167
Matriculados,2023,25758,Sopó,No Oficial,Primaria,698
Matriculados,2023,25758,Sopó,No Oficial,Secundaria,531
Matriculados,2023,25758,Sopó,No Oficial,Media,201
Matriculados,2023,25758,Sopó,No Oficial,Total,1836
Matriculados,2023,25785,Tabio,No Oficial,Prejardín-Jardín,180
Matriculados,2023,25785,Tabio,No Oficial,Transición,173
Matriculados,2023,25785,Tabio,No Oficial,Primaria,734
Matriculados,2023,25785,Tabio,No Oficial,Secundaria,502
Matriculados,2023,25785,Tabio,No Oficial,Media,175
Matriculados,2023,25785,Tabio,No Oficial,Total,1764
Matriculados,2023,25799,Tenjo,No Oficial,Prejardín-Jardín,100
Matriculados,2023,25799,Tenjo,No Oficial,Transición,198
Matriculados,2023,25799,Tenjo,No Oficial,Primaria,1460
Matriculados,2023,25799,Tenjo,No Oficial,Secundaria,1356
Matriculados,2023,25799,Tenjo,No Oficial,Media,601
Matriculados,2023,25799,Tenjo,No Oficial,Total,3715
Matriculados,2023,25817,Tocancipá,No Oficial,Prejardín-Jardín,106
Matriculados,2023,25817,Tocancipá,No Oficial,Transición,118
Matriculados,2023,25817,Tocancipá,No Oficial,Primaria,699
Matriculados,2023,25817,Tocancipá,No Oficial,Secundaria,567
Matriculados,2023,25817,Tocancipá,No Oficial,Media,220
Matriculados,2023,25817,Tocancipá,No Oficial,Total,1710
Matriculados,2023,25899,Zipaquirá,No Oficial,Prejardín-Jardín,1044
Matriculados,2023,25899,Zipaquirá,No Oficial,Transición,1061
Matriculados,2023,25899,Zipaquirá,No Oficial,Primaria,4539
Matriculados,2023,25899,Zipaquirá,No Oficial,Secundaria,3038
Matriculados,2023,25899,Zipaquirá,No Oficial,Media,1066
Matriculados,2023,25899,Zipaquirá,No Oficial,Total,10748
